,language,phase,duration,energy_consumed,emissions,emissions_rate,cpu_power,cpu_energy
0,cpp,test,0.0018857576206394349,2.2635551759106226e-08,7.1874489752104196e-09,3.6653463238574543e-06,42.5,2.129470106072282e-08
1,cpp,train,0.013148384714383113,1.6513837780797268e-07,5.2197410508781496e-08,3.8339987373183735e-06,42.5,1.5438538490578885e-07
2,java,test,0.000970462011912463,1.1467343022163164e-08,2.4514872236410268e-09,2.5742061840529013e-06,42.5,1.0904816145198897e-08
3,java,train,0.057531412820967374,7.263962418839625e-07,1.6320429571363957e-07,2.6058590136544835e-06,42.5,6.786812516011469e-07
4,matlab,test,0.07063752128964373,8.912915290978852e-07,2.0160657871582523e-07,2.8478785026922513e-06,42.5,8.327771195028195e-07
5,matlab,train,0.28883888607933406,3.6493320471395265e-06,8.254643117347724e-07,2.8545523203779842e-06,42.5,3.4089805745573904e-06
6,python,test,0.02225018682933983,2.7960103655618337e-07,6.324463606486247e-08,2.7828686640880558e-06,42.5,2.613986295367045e-07
7,python,train,0.1159698509034656,1.4641205769367318e-06,3.311782180207811e-07,2.8118445774600987e-06,42.5,1.3677956487135913e-06
