,dataset,phase,duration,energy_consumed,emissions,emissions_rate,cpu_power,cpu_energy
0,breastCancer,test,0.024447868417610104,3.0765085349739755e-07,6.983167955334194e-08,2.94008365147121e-06,42.5,2.875884600298414e-07
1,breastCancer,train,0.12747242526812827,1.609937482833223e-06,3.6567190661048073e-07,3.0156612758191956e-06,42.5,1.5040020822640187e-06
2,iris,test,0.009405492591122253,1.175813511571362e-07,2.6783017840716958e-08,2.929275733288288e-06,42.5,1.100264786884272e-07
3,iris,train,0.026788681042494055,3.373321020508373e-07,7.661336913669428e-08,3.001249265808841e-06,42.5,3.153124172197367e-07
4,wine,test,0.03795458480491924,4.785143906719697e-07,1.0925291584059546e-07,3.0333653712584987e-06,42.5,4.4716651096581565e-07
5,wine,train,0.20235529457799026,2.5564708479420847e-06,5.867479012363058e-07,3.0627804449801682e-06,42.5,2.388067645349683e-06
