,dataset,phase,duration,energy_consumed,emissions,emissions_rate,cpu_power,cpu_energy
0,breastCancer,test,0.00283300876617425,3.320637676450941e-08,7.45891305141979e-09,2.818458603376885e-06,42.5,3.139757447772556e-08
1,breastCancer,train,0.0106596946716308,1.326297720273336e-07,3.604965913030837e-08,2.846845217173476e-06,42.5,1.2423644463221234e-07
2,iris,test,0.0021901130676269,2.5297453006108603e-08,5.722182680169743e-09,2.7888344505536374e-06,42.5,2.3993601401646935e-08
3,iris,train,0.0051019191741942995,6.199765536520218e-08,1.395997755467892e-08,2.840108799923435e-06,42.5,5.8279020918740184e-08
4,wine,test,0.0066546460002427,8.333740068767132e-08,2.7561178480625286e-08,2.8500739111197365e-06,42.5,7.793167152133013e-08
5,wine,train,0.0620418787002563,7.833767102824317e-07,1.7662921074059278e-07,2.8582744380782824e-06,42.5,7.318505810366737e-07
